,Psat_ratio,Avg_E_No_water_per_nm_sq,StdDev_E_No_water_per_nm_sq,Avg_molp_H2O,StdDev_molp_H2O,ChemPot_K
0,0.09532539769953856,8.961828885785666e-06,3.4757486445021516e-07,0.00015729582387981355,6.100548823279401e-06,-5212.0
1,0.3203828792244122,2.9467002949135372e-05,3.620008882974924e-07,0.0005171976128114611,6.3537508577398545e-06,-4852.0
2,1.0804193779588447,9.914778438308304e-05,1.9436197729993744e-06,0.0017402176083869659,3.411393783560625e-05,-4491.0
3,3.643471945488514,0.00034052269715398185,3.802867183690561e-06,0.0059767709115231635,6.674699264933252e-05,-4130.0
4,4.2395817510773615,0.0014901229652231362,0.0006045627835342751,0.02615427302665525,0.010611137786164097,-4085.0
5,4.933221304564825,22.317527099945075,0.06054845940521026,391.71176518599316,1.0627317178418887,-4040.0
6,6.679527879979115,22.61824021031195,0.07694031554113744,396.989807988355,1.3504375587679052,-3950.0
7,12.286791674026697,23.01344807184558,0.05296067502168037,403.92639950064233,0.929552786259856,-3769.0
