,mu-cassandra_kJmol,run,nmols_per_nm^2,nmols
0,-43.0,0,11.404753607202368,23.830971690283096
1,-43.0,1,11.34545477095073,23.707062929370707
2,-43.0,2,11.354566625056378,23.72610273897261
3,-42.0,0,11.417038339076951,23.856641433585665
4,-42.0,1,11.41757911613259,23.857771422285776
5,-42.0,2,11.3985657777073,23.818041819581804
