,Psat_ratio,Avg_E_No_water_per_nm_sq,StdDev_E_No_water_per_nm_sq,Avg_molp_H2O,StdDev_molp_H2O,ChemPot_K
0,0.028458300309004404,8.664079446258534e-06,3.42460556027414e-07,0.00015206979870157592,6.010783735461669e-06,-6855.30449445439
1,0.09603595953132986,2.9381921966199703e-05,6.907242141098533e-07,0.000515704292254025,1.2123422095736778e-05,-6494.30449445439
2,0.3229948330253408,9.865781440754589e-05,1.3302304192321062e-06,0.001731617775477778,2.3347878252281567e-05,-6134.30449445439
3,1.0899849385395517,0.0003422224094406794,5.789165842313137e-06,0.006006603844945802,0.00010161001982394888,-5773.30449445439
4,1.6385924726931587,10.909209975440827,0.08017112103940162,191.47577942338822,1.4071438649383863,-5652.30449445439
5,2.4550378217466835,11.1470310108561,0.011278783150553987,195.6499559423049,0.19796243720319487,-5532.30449445439
6,3.678285361765696,11.319072219724651,0.04928396664762316,198.6695810696246,0.8650201021131717,-5412.30449445439
7,12.41281665846509,11.700626981174821,0.032118327409963364,205.36653671589482,0.5637330098552622,-5051.30449445439
