,Avg_Pvap_bar,StdDev_Pvap_bar,Avg_density_bar,StdDev_density_bar
0,0.01095114799535252,0.00040500408937926396,0.00798316239416748,0.00029888226173932297
