,mu-cassandra_kJmol,press_bar,press-stdev_bar,density_molec-nm^3
0,-60.0,9.223748866344e-05,4.7334792216963785e-07,2.2418531880345353e-06
1,-57.0,0.0003105270800836,2.6637298027761167e-06,7.547435360431168e-06
2,-54.0,0.0010487847977112,7.579641509823058e-06,2.5491220094729728e-05
3,-51.0,0.003509556434704,2.2007876013856345e-05,8.506858511668108e-05
4,-48.0,0.011728838439983999,0.0001574777756392179,0.0002870718740306374
5,-45.0,0.03919481987638,0.00033332952032985146,0.0009707070860327623
6,-42.0,0.13186711272550003,0.00689122993063952,0.0035743121416021073
7,-39.0,0.6155832997143931,0.05085970864532406,0.03682605944813672
