,Psat_ratio,Avg_E_No_water_per_nm_sq,StdDev_E_No_water_per_nm_sq,Avg_molp_H2O,StdDev_molp_H2O,ChemPot_K
0,0.032228637447831526,9.006883558944731e-06,3.8449332754665365e-07,0.00015808661245929998,6.74853263809442e-06,-6855.30449445439
1,0.16294990009866916,4.392683142923225e-05,7.882050421351168e-07,0.0007709929779009646,1.3834381694735621e-05,-6374.30449445439
2,0.24414134353648353,6.570164751061927e-05,7.984206072775998e-07,0.0011531792123185517,1.401368279007717e-05,-6254.30449445439
3,0.36578724864333845,0.00022763331227566275,2.2944362682164024e-06,0.0039953640995849275,4.027138296751626e-05,-6134.30449445439
4,0.5498940499464232,19.0455688203225,0.14192239416348582,334.28315548447125,2.490987074340248,-6013.30449445439
5,0.8238843477372245,19.844722681316604,0.054463794140627866,348.30970816404545,0.9559351645910726,-5893.30449445439
6,1.2343930953836046,20.535328127360792,0.0940784637116734,360.4310456718061,1.651242134554256,-5773.30449445439
7,4.165608067481936,21.921387226785384,0.08201049718192675,384.75881523410004,1.4394281441241221,-5412.30449445439
