P_div_Po,nmols_per_nm^2
0.010311690012191,0
0.103138620090107,0
0.952890636043065,0
1.03163318033995,11.053
1.27490827394031,11.053
2.43840000973891,11.203
10.7360781239367,11.504
59.9844227206578,11.654
