P_div_Po,nmols_per_nm^2
0.012715961472951,0
0.127501782490994,0
1.18080045635762,0
1.27848559823776,11.053
1.58033214078084,11.053
3.02466492191335,11.203
13.3386020567497,11.504
74.6632228817569,11.654
