P_div_Po,nmols_per_nm^2
0.114658043708042,0
0.134390629537721,9.7744
0.228179312993928,10.301
0.397819986128686,10.677
0.693561129876436,10.977
1.0453694413689,11.053
