P_div_Po,nmols_per_nm^2
0.14175843879213,0
0.166183366575672,9.7744
0.282320292208469,10.301
0.492506603846574,10.677
0.859151645491708,10.977
1.29552714443776,11.053
