P_div_Po,nmols_per_nm^2
0.147369186846149,0
0.172959631446104,9.7744
0.295133869773262,10.301
0.518017111105698,10.677
0.911505722744538,10.977
1.38684879383575,11.053
