P_div_Po,nmols_per_nm^2
0.029336065345569,0
0.080211235340869,0
0.228179312993928,0
0.702799919064795,0
1.27490827394031,0
1.77488663395033,0
2.43840000973891,22.481
4.98287306010941,22.932
7.32117120158955,23.083
25.0435623794433,23.684
