P_div_Po,nmols_per_nm^2
0.036216757679984,0
0.099131737106419,0
0.282320292208469,0
0.870608623050443,0
1.58033214078084,0
2.20087101376656,0
3.02466492191335,22.481
6.18565858944158,22.932
9.09214597467876,23.083
31.1427082596622,23.684
