P_div_Po,nmols_per_nm^2
0.0603263923533,0
0.079805167539249,0
0.101449434728549,18.1
0.295133869773262,20.2
0.911505722744538,21.5
3.38365715815369,22.6
7.13867104667918,22.7
