P_div_Po,nmols_per_nm^2
0.05835074295696,0
0.077067967357089,0
0.097827444242368,18.1
0.282320292208469,20.2
0.859151645491708,21.5
3.06498900366447,22.6
6.18565858944158,22.7
