P_div_Po,nmols_per_nm^2
0.047240681431304,0
0.062375474070062,0
0.079157009001405,18.1
0.228179312993928,20.2
0.693561129876436,21.5
2.47087299720077,22.6
4.98287306010941,22.7
