,Psat_ratio,ChemPot_K,P_bar,P_from_IG_Density_bar,No_mol,Density_kg_per_mcubed
0,0.0028499023782878035,-6295.0,2.7558567870299398e-05,2.7556106225279077e-05,83.71786904590819,2.0035325045668662e-05
1,0.03228229694199342,-5573.0,0.0003121699459121757,0.00031078659132465083,60.42860410778443,0.00022596481251936128
2,0.36252995954557127,-4852.0,0.0035056662190499,0.003502056573524473,85.1164416966068,0.0025462538577964073
3,1.2192793052516169,-4491.0,0.011790435961113772,0.011850050332719823,62.21057968862275,0.008615862063005988
4,1.6573084886230391,-4401.0,0.016026179989077842,0.01606846825899427,84.35649613572853,0.011682963548902196
5,4.139285119957149,-4130.0,0.04002690435361278,0.04095136604816452,63.69988810778443,0.029774668567345314
6,5.682387377490887,-4040.0,0.054948709612291424,0.05806275258529396,90.31666583632736,0.042215910753413174
7,7.795885230590705,-3950.0,0.07538624265627467,0.0819873308032909,53.80229654291416,0.059610846644790424
